1.471585082569894,-0.19330422644796988,1.3460997945142577,136.99835447863146
-0.47655380143352466,-1.4308312016246718,-0.14945569316498877,-125.23566175196774
-0.65662407079970475,-0.14713950481410695,1.3592975993648058,72.48056317525311
-0.5591638350592083,0.73526930997498741,-0.7801438813877718,-27.039542232137947
-1.0504376287559674,-0.52096855123109576,0.44035399387791357,-36.124617060608536
-1.0232532233755844,-0.51661419876010783,0.69593210094084967,-15.430732604506531
-2.4263920705352082,1.2840957939481172,0.26355081195478497,30.141866221241479
-0.33407723097994052,1.1243533598705027,-0.062191016999311004,61.820112717992899
0.70117274231089832,0.59740006984985805,-1.2276078151369925,-30.00900782801363
0.75341747342109278,0.12184446413245396,1.7256937928147706,164.48359843404475
-0.02355215087423812,-1.0196643386921156,0.56460592589360026,-27.796464337282956
0.92784012808123717,-0.643518230380143,2.165002344901084,151.00548726454181
-1.0733280322228955,2.9356579023277782,-0.92879208145245873,96.394460355243268
0.92165011192445934,-0.18912039077703349,-1.3303136257389898,-84.845973135162765
-1.5530352778398206,1.9853803952602933,-0.3266137806612126,61.515497846727541
-0.50596619898785533,1.1598399663883443,0.82723610765742306,126.63220335134773
-0.73467109367685945,-0.17149560038823927,1.1572445477310251,52.856015782142713
0.35968084768632108,1.3746112675765545,0.60364573896073859,152.27839320366706
0.66213067452104668,0.11351734525124804,-0.3853135968617602,-0.23942592428176823
-0.96615672337041703,0.8728243510056346,0.83934911423160219,92.955358163443847
-0.24143056472499311,-0.31508192790892342,1.4488201083377155,81.165665625645573
1.5941779562040121,-1.543450943185747,-0.26995189682516413,-75.338971479713436
0.51639666778657878,0.33584726472006909,-1.0814133807392872,-42.80438886997797
1.2676515111879738,0.29657693853030509,1.149672018878747,149.11827267489161
0.74729360512326182,-0.56018104019696957,-0.82899501092207228,-77.720544320283011
1.1727568452674448,-0.90461437499376607,0.046002747253274121,-20.864815768540218
0.77893650351211408,0.43950123062022639,-1.1001542329716949,-28.629106408251783
0.24180207155574857,1.3954340821991853,2.369287300811497,284.73569659182044
1.447796418457866,1.5681824295273261,-0.60756879177955592,108.22952076720658
0.099651365087641219,-0.56629772960277192,-0.99053632513068834,-111.38400354031396
-0.48318646229937401,0.64719593970274103,0.39922312260527926,59.41403880269587
2.8242204263952031,-0.90199264944319746,2.8652120230859626,247.91101136690361
-0.88776951153854067,-0.091706024145125978,1.4244958212469476,73.811332442540603
-0.4691756521047048,1.179440120721287,1.8314587658543537,205.85396205413986
1.676393027208203,-1.0753123930492379,-1.2070216478572156,-112.03540245751142
-0.34319227549741049,0.26912694124510733,-0.39164856742179111,-22.470775245738739
0.33776609905460137,-0.74941598695697331,-0.34447720875245269,-66.960422167167849
0.10589445311523424,0.6863184569567008,-0.4070363129267805,19.553447741854701
-1.1646633485123947,1.1835491025816047,0.95593582233076224,116.82757605556361
-0.99286600108554546,-0.46913085421040895,0.12631419948320019,-54.680851702593515
-0.24733596389641815,-1.3331480084772089,0.33271932958518796,-74.295306411951771
1.5929640960273812,-0.39528354801618071,0.6581430360025633,74.48621668155927
-0.013497224737933921,1.8522781845089378,-0.60170661222939692,81.049832164060291
-0.6160712153363237,0.50929532364200791,-1.1356359047578291,-71.569749634664859
0.88523148298899101,0.62550801683103574,-2.100026507651624,-88.754218728148487
0.56976035719864693,0.49142945272019978,-0.40439742318396127,21.321173579566697
1.5163940552535728,2.4116766755784211,-1.1302037246739238,128.56493679309628
0.75495876614196444,0.8425138964550043,-1.4222296495062072,-26.271221804088256
2.6443433470170348,-0.10594835430413566,-0.46531045678005334,42.541567904720935
-0.6701152004542329,0.18250103059921341,-0.044893030122536981,-12.504685946837158
-0.83740572531549129,-1.4337300248102285,0.44166256418606065,-91.944242693372814
-0.63275502988503907,-1.5428015152096459,0.7640297815728595,-68.224776235744898
0.29964768783734813,-1.6158867874104728,0.76587827948061482,-43.012457485356691
-0.36100922325256968,-2.3042119359439668,0.13674664739923068,-159.7375900909791
-0.63858582514503015,0.4469817170098519,-2.1537305737914614,-154.32858868121821
-0.82451416152767354,-1.1062935124116342,1.1356201471829441,-16.008159623877859
-0.67493401879055226,2.0468621957195579,-0.22247489677826537,102.04410670621147
-0.86713021571090032,0.8250982646676347,0.15519068385897913,40.624077643133155
-0.77649914049300028,0.29527994062086838,2.0420696529278803,151.18722617561249
-0.8498443694647918,-0.45936089954024412,0.24822058630033608,-40.08258804653839
0.069704269429280222,-0.89154348985450471,1.4652105034813809,52.801537666424203
0.76638847657239939,-0.78259136254813322,-2.28577724449495,-203.65014974248848
-0.15326055339930542,0.47643016671712474,2.2409265562057925,198.95446522241693
-0.045254301964336476,-0.97640004866379737,-0.017894977008350053,-70.002155242519223
0.75193303268677414,1.1428228145150205,-1.168678037619532,13.653887155500172
0.75566583874431459,-0.54100686578289936,-0.85061325295194778,-77.781961876095409
-0.34375651951011005,-0.74149824991272495,0.43521152828960236,-28.876712309325001
-0.91032434192828393,-0.12653257974705998,-0.86397984907607828,-104.06808754085002
0.46642998243352635,-1.3565818046234051,0.29355793216662929,-55.856603890823322
1.0960699074773985,-0.73296889912375895,-0.66718908477750538,-65.993051307015122
-1.0506233218278012,0.92350861604736867,0.79799454961223626,90.55768381743006
0.33088023221445706,-1.5558956462036273,0.2337859117907477,-78.509202413188859
-0.82565368280214213,0.44477380783159476,0.55079757227366322,46.007089927506655
1.8688178405438531,0.51990213952875253,-1.3734028889697492,-8.7808421656352991
0.31149085879778987,-1.8927621775900518,0.73305428146599849,-64.18527244451316
-0.39361158203300994,-0.76036364121613054,-0.7624179506029144,-123.23882409190153
-0.63758754207596391,0.74245891359262028,-0.87847380134205999,-36.585326463112025
1.3286408282482312,0.10940847183297006,-1.2374266382225725,-44.076267204149019
0.21471318317052634,-0.11622904312195817,0.25224039642667739,18.19676209745132
-0.76182467165884871,0.14775590740012853,-0.11447237179886294,-23.168910190453495
0.60913812090717701,1.091310120594269,1.2360931752104374,189.13627412156166
0.28977485689641291,-0.42098448082026296,0.39445214237829684,10.512917384134731
1.1785126897984228,-0.005560293648070566,0.84477437578169989,102.171226360513
-0.48530583536786831,-0.74248423253838403,1.3414759155308811,35.69127753356436
-0.42930222451725997,-0.037036797048412021,-0.61176909090528542,-63.12321093132293
1.7041020780591178,-1.3919583809517313,-0.70577348309536514,-94.648742517746427
-0.24657105425957435,2.1857306167225743,-0.43263751633352826,109.37752132933034
0.092979246529409657,-1.9113168916625041,0.61973878470286869,-81.168811746438223
-2.1325956261548362,0.28100925028180629,-1.3158158164275071,-149.99018641954376
-0.67923065319295506,0.83776422154658914,0.38638265384806098,65.215702217811952
0.8422973270139027,1.6845248346034518,-0.90876967080797333,73.68664341024521
-1.0448363139030712,-0.22347250523693915,-0.80759134009829603,-110.7736344737221
1.7325149994850919,0.14294309476370676,-1.1939250063990554,-25.409571513108155
-1.1227220215622986,0.67481949216660375,-0.049463709652432949,6.4062015208481853
-0.8963675478251808,-0.57895175734892312,0.15140739607201872,-57.20504781168038
1.669021525289393,-0.33578469929012822,-1.2950787720636161,-68.119364591921993
-0.22485305579485193,0.013450364619293007,1.7847750391850949,129.95789916695281
-0.039162115442759431,0.36539424192514075,0.19265153264802468,38.585816028428745
0.78580015865083219,0.76041465614429737,-1.5839028234857233,-43.269793046089816
0.29929258040649193,0.74209537200930697,-0.6057149230033384,14.462249547394443
-1.3331283547778066,-1.1571166187132709,0.28872800300983631,-100.59489869394068
0.64194712944370114,0.74458639847312991,-0.19360951103550808,57.164698316339241
-0.34943932721695592,-1.3327773974796497,1.2495049007061587,-7.557181379912933
-0.99169666344031049,0.31852100479887446,-0.950910729687232,-82.714248049707237
0.80965753014824127,-0.92826583865599588,-1.3644708536172809,-141.92163674625561
0.50325206474950479,-1.6610834155671725,-0.64557207203539502,-147.33212238147317
0.34115197481664389,-0.0771017094141042,-0.81581028496543828,-56.589471134575518
2.0615035766363978,2.0060928881591229,1.5421099525678756,322.32474714366242
0.39241596717876703,2.7596600389110777,1.0602099074988798,283.48896974933353
-0.091968466203046606,0.74182229439012659,-0.36234755754610226,20.397297166483039
2.0565435648295414,0.60685059321567103,0.42009449045184127,140.21831499461641
1.5886269280435958,0.14098269961206,-0.61412256500831619,14.086205777742792
0.67048061724121255,-0.075764286535459885,1.0391117874202687,95.78151698383985
-0.80960351992164614,0.28016115881960679,-0.026405756958927031,-8.8769631679438632
1.4401172154494728,-0.089735694287226719,0.70900375758851231,94.457188926186689
-0.23320849820639397,0.41314747595262241,0.90678727293239869,90.140748000027145
0.021092747850587245,-1.321555786511051,-2.0323537642983847,-245.43704179695615
1.9531071982725741,-0.027384320403744018,-0.27036669676116976,40.519070576570904
0.91922893457520349,-1.4382779783173667,0.11327041053776446,-60.627494021902649
1.5375513190343435,-0.075671072657063437,-0.56593713089240549,1.2115712541095762
-1.1536922813398585,0.68136232657530538,-0.40179502694163366,-21.048570684581385
0.50498727898045714,-0.11473644146689901,-0.79252073843270066,-52.111375319994806
-1.7249178325130328,-1.9132802446577979,0.24196227156603412,-168.83646077957022
1.2368324661272665,-3.8366555484593694,0.079649582613924991,-217.94672987771287
-0.35929209078705954,0.58392818532596391,1.8467073257360336,169.59532180083266
-0.57064043020011279,0.79185931038806756,0.21930233720043607,52.804181283181421
-0.65737255399472438,0.56677172618417959,-0.11480224875906367,9.0053839508428375
-0.83972184218077606,-0.80829828535515147,2.1898029332176723,84.503271891148984
0.60890535625463194,0.20045963141372899,-2.4980610174929394,-157.31226198339786
-2.1528905929524829,-1.1033666061738736,0.50799132691254367,-106.61645002756828
-2.6197451040897444,1.5646436558140062,-0.035826039109951538,20.340022779138678
-1.6548874362282961,0.28872366282502326,0.73249210277980226,22.376995772930488
-0.7296024698074095,1.0706105599791862,1.649480894323921,176.06329587095058
1.1526481032616924,0.17146931759039094,0.86352824252152116,114.94773951447533
-1.2165808041357096,-0.27131497806829746,0.34166023195262635,-31.848763353414398
-0.15800789857898942,1.5295503194606137,-1.6924646297148194,-29.112106769416826
0.075694940005093442,-0.80637692911804981,-0.65367914063741894,-102.95092728394761
1.2576190563593601,-0.086701136148208721,0.50573543247279895,73.252438473535037
0.14866745720211155,1.490726136849952,-0.213442870930208,91.059598475525391
0.74107378068228602,0.68656774675317611,-0.73773670468484087,14.821770677163016
-0.27112360104256877,1.4926885689595217,-0.80317895068034484,32.609017483108929
0.18106274277108234,-0.88524868612422247,0.31635832153614474,-30.900596169202728
-0.13125696709230472,-0.98717952715118396,-0.21113023882769444,-88.276118166456726
0.39263411565096801,0.84383950964173726,0.43600577522257977,104.0244009515902
2.154928677383142,0.7034401331388942,0.62340713827991556,165.5651377467087
0.42158661061445568,0.66592425205446137,0.49774308909139425,97.433202348016664
-1.0469109826819396,-0.65689427897139574,1.2004139079444254,12.678356118481396
0.36761984020971089,1.0581183250871502,0.63866016864310238,133.43428025728764
1.4751123643098556,0.7072313738042767,-0.021856747442123681,94.606103173688297
-1.3756340887863618,0.40813591277835637,1.1782528475480023,73.646783816382367
-0.037570644979481267,-0.089234154221448925,-0.41149314456218022,-38.774931938290358
-0.070165711458647029,0.45918007922843668,0.83392215454890406,93.006762090525228
0.61351797273041664,0.12003132671826131,0.038003478168200287,30.965279990087225
-0.28110029288595489,-1.0016200098949155,-0.68198424799779855,-130.06267499728062
-0.89878404832312819,0.10435593752321293,1.6172125749686239,101.6609832924651
-0.013973228476073308,0.41870457829236835,-1.1802317342003701,-61.771132110493319
0.25020020625169448,-0.38397127195235159,-0.99806062731441292,-94.554879458657609
0.81139655449159209,0.82973241787917451,-1.2995812369275976,-15.962849253811648
0.75749514933748552,-1.0501407396021456,0.72147932375734325,7.2995004985199046
1.0947985022273252,1.0306598082415594,-0.0115150880766451,105.37010195255618
1.1663705456692521,-0.14164858601012689,0.6855897462984164,80.260756924738587
0.61233221400251203,-0.47020333878531134,0.24313465513848909,5.984271458514776
-0.18969349345240752,1.3601681308280129,-0.17464794568162792,74.117138547973283
1.0987768519871901,-0.21768120322722029,-0.20219265243389406,5.0539145479818046
-0.2378070374259397,-0.70291143803956746,0.47314545326778695,-19.90504284456221
0.40805284683675569,-0.43112556957509907,0.78287373494857249,43.294524150466955
-0.55547711916025466,-0.62314052642476436,-0.53099695500181765,-101.35130144550696
-1.3892987302109903,0.32685540061043733,0.96956902575290682,51.677937359201856
0.59144215175185488,-0.32406817520897019,0.22703447886488889,14.134314870730567
-0.18714426500454878,0.42830709720764859,-1.0623935281468797,-57.702204768710224
-0.31039099137756548,-0.33303761905376167,-0.095111647700766008,-40.195356217630568
0.5925269492011831,1.0240625258114624,1.2083662305931424,181.85619636380639
-2.085792438905004,-0.34320592684303769,-0.60385893123695467,-137.05701846414033
-0.66569346489354686,0.2408767572004076,0.70265999849930583,48.739745924169
1.1196877785533812,0.8070464166066873,-0.36861936578569959,63.5196974680671
2.4984304837214948,0.70314019723604926,-0.33257937984987496,103.63105733586744
-1.0551076754804494,0.48026050140592491,-1.6313351104170732,-125.5932058425105
0.87941704113740315,1.4510014381313361,0.33085130461557777,153.48029905628519
0.49403018628273881,0.39580353343740904,-0.62556270150952942,-4.59130309406763
0.82034401261245604,0.25316523803798119,-0.63157772916533139,-4.3300332180014891
-1.2763044165383359,0.57374442100441314,0.88903712227989207,66.161454561370846
-1.1022697404558555,-0.39719531614598763,1.2906444609225471,35.648461844167549
-0.11657134645332866,0.62334230067482854,-1.0575146702934315,-41.633333124444164
1.7722515966697441,-0.027514905050636255,-2.8722622132816493,-164.01724019089954
1.2270345970488723,0.44174673637755724,1.6734418856229851,197.79128859869164
1.0626572907875265,0.21139656747065891,-1.2719190011127228,-48.279930304821335
0.22907468820570256,0.051660976851079801,0.95838581984204241,84.134455646111562
0.69822331361358991,-0.6469367777055739,0.059630369920174127,-17.414990411425197
0.98539971145004945,0.67004967181552377,-2.3789960407532242,-103.75925229440594
-0.83606215210002466,1.0354434164169448,0.23384802578959837,62.104935787963981
1.0269862633197322,0.21257403063221489,1.1905485943435961,138.69144948689714
1.1918993344135729,-0.73937140745903629,-1.4769249275319014,-125.17403408696001
-0.38713064978951461,0.85958788697980193,-0.54955713590858013,4.6751976679496181
-1.1774165052492886,-1.0804073292785017,0.083872501760933638,-105.9342377841277
-0.33655258987817338,0.15449366559525113,1.1279089932535691,85.895242318140077
0.19340636718971696,2.6068591631497697,0.10798392072522883,193.83717981203108
1.7409414865969908,-1.765387587029974,-0.60782389261562431,-111.67110235612346
0.55148537604046755,0.12320480678448567,-0.17588581243233661,12.847839324040153
0.79856667311059015,0.38496641604763432,-0.68673239556735155,-0.17711321601531438
-0.92423314426830439,-0.23040071420576733,-0.75849533470006947,-103.60791135292469
-1.3668583632808264,0.47263034584340563,0.018016872044446585,-10.232131144952852
1.0380125273159622,-0.55528049690532943,1.0595655726233972,76.217947116179005
-0.77504496301623982,1.167741925527779,-2.0713771793381572,-102.85776876939531
-0.30288524379899312,1.402009325919122,0.68529008471096786,139.0093646510914
-0.37519638032393698,-0.61636140803947748,-1.2601647651725802,-150.7467664807057
-0.65974864125396582,-0.063273959896915866,0.12918747333171046,-15.785622190640881
0.50066572138120968,0.57520501610656627,0.89038316351978619,123.72790142813284
0.46210347426327075,-0.98150865104795093,0.010233061019587049,-51.827427598382386
-0.96470542575071483,1.2300005727191501,-1.0263692076658921,-24.896844106829803
-0.32078386185199909,0.6461296760241716,0.3320814614168105,59.456121419784616
-2.0392321777601006,-1.1832585126657751,-1.7587394864231143,-281.53862641971159
1.2292147842970504,0.17869471681047561,-0.39352985596972884,21.923550533243507
0.10527862390967795,-0.99152704110463219,0.18301292831148205,-50.841478207483519
-0.69190806988124443,-1.5255251709247388,-1.0700847663261526,-209.00457779787013
-0.14152575336694828,0.13069002446438233,0.94881309647162004,76.877004597213883
-0.28710950486234288,-0.070223620574625667,0.7195994976248915,40.851330330816047
-1.269465266012813,-0.38076340386180441,0.12417568474461345,-57.693641404507588
0.59753770589472821,1.5360611817095284,0.6869566320986773,177.42613923597315
1.5898389781806839,-1.5457297866907331,0.91377162138558565,14.757084996215781
-0.021244779276242128,-1.9673250642259945,-0.74809606462164713,-193.16163629219142
-1.8518427315746586,-1.423682636883923,2.1699365880805428,7.976024623662866
0.35566894856322939,0.08669769941439659,0.34756161380355205,43.987086580227619
0.49778830941777741,-0.60490676392817477,0.92893201353221511,45.388922788500999
-0.24734038702515676,1.782905600065144,0.46854016154606909,150.45577230002041
0.28586539072490497,-0.38770155993598415,-0.61278869048438622,-64.239598737533839
-0.16212397547985843,-2.1961278210999464,0.53629090951718994,-115.37079653271309
-1.6413801156020968,-0.89359501371912042,-1.3045894438004726,-214.08665246994855
1.1910858547734768,0.41746508982129499,0.27242139665360987,87.973876624637995
0.55740855685118562,-1.326262161949157,0.05389734703320638,-69.134987811326795
-0.11366668908143539,-0.92588990389114989,-0.045122890324051652,-70.814799388299534
0.33276047863701036,0.18482703362165401,-0.19906255375986986,8.2567433406186836
-1.2735855485965992,0.30989477938063453,-1.1280625548076939,-105.93537921831347
0.47962531955157295,0.23782954075833587,0.58462295248674079,76.488967559020111
-0.62591601768460203,-0.64172714365212935,-2.9542489412420312,-289.95115638743385
1.1195749114345768,3.0788808084552377,0.31125015454353611,271.73163648092776
-1.7210775209604694,0.36300428480607688,0.87278741446960995,36.064069741262657
0.50615765546071234,1.8076085077692632,0.95793205521568403,213.85082901154198
2.1216313073302033,-2.0653027750406103,0.68685791101225613,-21.14953417316778
0.43655980415766782,-2.9213504834946074,-1.0721390119856069,-268.76341874689064
2.6323820648373908,-0.94939888883194301,1.0536417966078395,100.11943319268769
1.2002617497388293,0.5517407999109204,-0.45115885840899878,42.253144496555834
1.0613709648731335,1.1008213984226052,-1.0257526836402773,31.66759808938334
-0.15647737612315848,0.55872383694448535,2.0598450017374019,190.68432910923468
0.68561937421848296,0.084865458361104165,0.33078380653823597,53.231102506170686
-1.4436042621697649,-0.95006349746612717,-0.79613680318649538,-172.760036253436
0.36748166547430439,2.98525900260341,0.17521141890851205,230.62359346068061
0.42388948244398605,0.81937326813940636,-1.5587869950238415,-48.978611243513981
1.2888634252063023,0.21838898754417418,-0.1934276285812056,41.860442260363413
1.0560568090660518,3.1377485336599937,-2.1356742139786955,86.876231208817075
1.4381692011457019,-0.17204135926547251,-1.235703022049409,-59.772210369546187
0.93791553751065504,0.18471047478108329,-1.2549226680022925,-52.844841243316338
0.87074664458840323,2.3436540528126248,1.1815677164191463,279.5768999660902
-1.2364782865923489,-0.30595443153159207,0.94814295047204955,11.438734025300697
-0.04015795064434341,1.8009404329108156,-0.6763923020592697,70.953992360923479
0.094527567588468364,-1.754284852822499,-0.99809462776903524,-193.85819911922715
-1.5350402475323597,-0.61764167693369665,2.2816518365388427,82.188131131263248
-0.1421465369405461,0.59042206125146346,0.7313802525749924,91.881928443903973
-0.95095338309447164,0.8202983745089647,-0.68567491759013022,-26.623261493088947
-1.3421277484851151,1.3995946451457935,0.57407122089400131,96.80195635471307
1.0817667276728287,1.4313667818311835,0.33385996656853467,158.89135834720952
0.40226807720129804,-1.4069774621039888,-0.22800572680971787,-101.22324952028397
-0.35151348404130867,-1.8707919210258557,-1.0080863109174041,-217.03554786944989
1.1631637521549596,-1.4358621511794394,1.4412732890661155,48.823818784527063
-0.17802329006383844,0.57707218383513958,-1.9227717720623363,-112.87419486788973
-0.25083301645504735,-0.32267983884213575,1.5013336519554867,84.349518510993619
1.2272738220812627,-0.35807944617931886,-0.066448975309455968,9.9086286723391197
1.1422073928855578,-0.34333517585244921,-1.3772954892720999,-91.923480194139543
-0.063389852034810776,-0.38448912104151794,1.1037200137225964,55.785029333567863
0.57205744171414408,0.51425475601783488,-1.5311075025557221,-63.073506424197333
0.59899634168426408,0.23425926445676556,-0.44869568261948423,1.1892990396932142
-0.41222074502447015,-2.390304367469438,-0.59697428672107389,-223.3430662250714
1.4338328386598447,0.65692906634208814,-0.78804762323300803,31.304041246362317
-1.1534924259847839,-0.49653173548196905,0.92824569134432455,-0.51319429223722324
-0.31030770538490365,-0.96804575851024532,0.37976763604089603,-47.616915263665646
1.4015985929464294,0.41839822088868373,0.52251410526575748,113.93160834882636
0.32782117284308526,0.0033755065971609989,-2.6357477390168778,-190.4593372989788
0.00161903135694112,0.49580502102757085,0.51887118044012204,73.785517249414283
-0.76612083061067093,-0.15061401462993301,-0.50356961890771745,-73.547677930246294
0.50968923122465615,-0.55058706700070659,0.13766194086804609,-10.913697978312364
-0.36634167713775767,0.12682468513496187,-1.0043378262939064,-79.795146573850872
0.078964045668084515,-0.77587482316648382,-1.2627697756985641,-147.25900450129674
-1.0097307047099375,-2.3629324355418384,0.90393484108619526,-126.13419756315315
0.51406255242477583,0.84580287256292819,0.54422035234034705,116.3429736474011
0.0017948728781070852,-0.40415715947930275,0.24347507713677022,-9.1548917377609413
-0.024398567236156649,1.267960487103089,0.43945269045799057,120.00404436297941
0.97255444962672988,0.63240773905552095,-0.56246677589426763,31.952351420596486
-1.1231950508753776,-1.0758938287242596,-0.93583122979056554,-181.74120038350242
-0.89725300616125681,0.030476413920628869,0.77693670293151662,32.461467002302086
0.45668801073039916,1.5737342165551063,0.91041849968556998,192.53541287752915
1.4799441388900259,-0.007972641316617372,0.88163975694945051,114.55106304269765
-1.1617838439123638,-1.8698163395321641,0.45060341286253885,-131.7349285490337
0.032407013340136216,-0.52563093398538441,2.0979393391324312,125.08892061766815
2.9272700924733299,-0.54518624472632193,0.72099695290563581,112.04620836993087
0.95247815695280535,0.32781107357412331,-0.097525383745623431,45.852904291350427
1.0159372235635562,-0.79077091908535369,-0.073107302008938516,-27.190556155641268
0.28677411238258621,0.88707977644628699,-1.1979664292172616,-21.193384604638553
2.2724347204468818,-0.097915246442904058,0.52225063601777855,106.50180014302532
0.49669922323652171,-1.2295495944524168,1.9583474542205939,80.988785338310862
0.48060859334734735,0.87896397307065122,-0.0096644213133471879,75.248053006578402
0.024219456672758068,-1.0675329142542729,2.062524919243145,84.838265922852187
2.2064689798846722,2.0773434395699533,0.64366875302249082,263.29852719521955
-2.0858978777333372,-1.0084487325473497,-0.08104596472174376,-142.9043975489063
1.167217733304373,0.10163005353342468,-0.019318304271835673,43.196258554070901
-1.0590371220120975,-0.99722828743877612,2.0444815571999442,53.328170365344022
0.47139126276499077,-1.6571435851323046,-0.42581799836655126,-131.30845879923959
0.043030973321281439,-0.9310017116324415,0.72977293703419543,-6.9345373753579054
-0.33625473868107197,1.1590740649558977,-2.049941278577478,-87.652405343834474
0.094621044669358001,-1.7472216669652556,1.9422455947562995,31.164518006278726
-0.12903411512978377,1.0821123129931407,-0.25730000061778963,50.633940542768805
-0.39767969361460404,-0.12372894627483615,-0.38281718961296868,-50.583173239076302
1.4484992298929262,1.1173988159024608,0.50178273616754498,161.95263943552402
-0.6982618487513923,0.99597367884644572,-1.181981996068219,-44.279424687271771
-0.51060849929757945,-0.65476977562394922,0.64468980328423331,-12.299726021943876
1.0268946182579144,0.65905434391341966,-0.6410812665383554,29.536521273810848
1.3744380931708173,-0.59566129404349211,-0.65376633864881983,-46.535375135895954
-0.48274352218203243,-0.79919200665025358,-0.6459641791245353,-119.89468018223182
-0.20346114108030489,-1.0363092473737703,-0.27751361886023346,-99.056266597315542
0.80070194754557678,1.2545187023811899,0.73189806923438105,168.04677435509876
0.61167628884086789,-0.67692200030595873,-0.38508228041631654,-56.231466552027818
0.65776317615037372,0.26561699317253346,0.69047268612151302,92.23427164074559
0.87152438608793414,0.14342656685749322,-1.5646221273358043,-81.477949900457844
0.16974776797066171,0.39636695646735098,0.8179815444538614,95.212798683850608
1.871074482308114,-0.56506047355119249,-0.63622371265192978,-27.058334021523798
0.89811732412234746,-1.8385186232720707,1.0831452126607344,-14.782188965039893
1.6699045043514062,0.5885784044206096,-0.5805234498047227,50.069568746314864
0.49150564724678364,-0.17537845589869072,-0.96624631975325403,-69.984895478185081
-0.8776173568629051,-0.72677413783384304,-0.047799250384789813,-81.981763346002879
-1.8751724696457446,1.3404504460231446,0.31917451041918043,56.060747237789911
-0.083105572628694765,-1.4063174636718339,-0.69242097987385598,-152.31063871073653
-1.6135613978767411,-1.3719011429313563,1.7117084801423434,-15.76118520834892
-0.79088179169456541,0.95783963110826764,0.29094736433948537,62.584694620165983
0.17457781283183896,1.8861859012105302,0.40405085681453839,166.25681403851058
-0.37550004007557092,1.6656032136865273,-0.77219238780437927,43.502078811630824
-0.84763392861908482,-0.21804589539237385,1.8093063497331101,95.800346075713165
-0.17951457487248015,-0.50618906108533612,0.51821895044541155,-1.0471363415098907
1.9114190871397234,-1.0708524186844388,-2.0258078731113769,-166.66671076037125
0.71587274469095952,0.40421286527733208,-1.6728939013115742,-76.828908125612898
-0.5711789897827968,0.64084286126700984,1.7976865268495226,162.92755962191541
1.2130976999791834,-0.31640844969480192,-1.092312764672579,-66.020332183200836
1.0108397350203135,-0.096760103186889324,-0.63327270471027264,-22.384293214540456
0.04092474872892285,-0.79711356622498075,-0.56914819867253386,-96.981002388005166
-0.20149153394751798,-1.1376856704248166,0.65152199133950572,-35.023096482590745
0.71895331066506674,1.1857041546629969,0.53665275252728617,145.76392339204739
-1.0559898119268434,1.0216247643999481,-1.0633544998303186,-45.00387404391428
-1.3324483478945659,0.70253331393385565,-0.3677845265710552,-22.765395211471059
0.58831720648457653,-0.15178509503558332,-1.9520877995225019,-140.51849422477611
2.1962231421527991,0.16429476537056906,-1.5431182279428703,-35.636948442320673
0.084094388250196508,-0.11455942747251965,-0.28857511715410117,-27.2033337404078
1.4093474401855799,-0.51728845010037217,1.0654803750653512,91.270641760903175
-1.1941866514118442,1.0599501697623763,0.16663789531183854,47.097803155544725
0.54132129400827833,0.36022603707742873,-0.30757141711579922,18.770476885346973
-0.8818746512277178,-0.026521259249060063,1.0701502383164274,51.42727512321089
-0.10619409003975315,-0.28483693774220137,0.13949779614745886,-12.371928445604079
-0.051118693015377657,0.71517439012805839,0.26805042758975328,68.021855928508387
-0.23811043631205406,1.4363354057059785,1.186734620177331,181.75387390280468
1.3173940656343257,-0.53523521156056797,1.0495527153193351,85.851258074543082
-1.3805987058996512,0.8168370114309812,-1.58242797402364,-109.20989707547582
-0.65568771946144366,0.30904744303265391,-0.12334406404611045,-9.3235263014768606
-0.73095627571547328,0.35845361820962024,-0.53533508701622312,-39.815187916809762
-0.058832854131522207,1.1655948951441282,0.96250259195329846,151.79162631855573
-0.17038576538819597,-1.6922708316433286,0.49909581613774939,-83.813279341373175
-0.27667177171914542,0.40943853064225227,-1.742771973881041,-113.84627929177555
-0.68918781808956786,2.0752608726252655,0.19759960469239965,135.61598661749804
-0.054778360338825098,-0.6715122069805457,1.3784673554538081,57.296874962530723
0.45838900995706838,-2.1620322999274388,-0.75041012775465621,-191.25061816645692
-0.67162336793805155,-0.55030515384542011,0.26067376582390711,-39.635210585258058
-2.8485426206300755,0.77169871064834472,-0.37061433208610595,-67.164740527882856
-0.053120653017545344,0.38915919566792873,0.37210547260686289,53.473880635879837
-0.28998135443663992,0.33432705455350342,-2.0149012325066082,-140.22414016002639
0.54578671353235553,0.19624094066672046,-0.61358760536279444,-15.735658310385483
-0.094458714442002753,0.75971229548416841,-1.8179792253871547,-89.608968051640161
-0.37875983660309331,1.0216229840730389,-0.41102493650317301,26.671936305681918
-1.4247481862134568,0.067528204687923837,-0.22577630048653566,-58.588103309941353
0.2483251425158822,0.5016850451687882,1.0287689914234805,121.09150866406955
2.1850948950361122,2.3943619005824508,0.71573424117084039,289.92205499519008
-0.10199471663593199,0.8378305352294807,0.17991436954641679,68.087700241339789
1.1192449175640959,-0.93946324198598263,-0.2357112448566685,-46.502384283885263
-0.050204617041744781,-0.29967664800678706,-1.4485914146335441,-132.85701604874353
-0.072857688841055077,-0.50412867365166369,-0.9289264824607304,-107.97098996960308
0.32475823953354177,-0.35208774745388094,0.22063080430716323,3.1086647272705008
-1.1952937635992447,-0.077443460725993646,0.13106518621584873,-33.905246025620869
-0.33477533210654087,1.0299608175811612,-0.64354983231746199,10.909106340771558
-0.36952692883335858,0.22530792204094158,-0.17435425790283585,-9.7422875582352919
0.74500531287728111,-0.71883238760873036,1.2958717818630143,73.552237012964
1.1933110059271259,0.25617060569427813,-0.25494697040358932,36.677373312423853
-1.9754665663538713,0.064474414810120242,0.48650164382620192,-22.184369798973176
1.255349780288475,1.5404412397766734,0.46004232386046617,181.6347068843794
-0.94206018357424492,-0.63093083373779002,-1.1140813582330875,-158.8929098937823
-0.38003684628935364,1.0302496939695669,-0.46030676257436309,23.460898913910114
-0.21453766451796361,-0.74248677776959959,-0.83850061638395224,-122.03807395868782
-0.19090379172729868,1.8043481097867431,0.48787228487107398,155.22910046000547
-0.55554677948686659,-0.85677209382679276,1.7349365758368085,55.606887554224009
0.028744822934817487,-0.39333881232736068,0.36867330887290117,2.0199132716968613
1.3931812579349059,-0.23106947745768031,0.41055008532761655,60.427614773865628
-1.029811848541845,-0.31874831524613312,0.50309036862374679,-16.755608051826368
0.54458240079362807,-2.8500301093171823,-0.88597073389777692,-246.15316105406447
2.0931979322099448,0.36397063085273812,-0.068123425167953097,87.409939577794674
-0.60567999993579802,-1.3479957843671688,-0.61677536151970769,-159.39111964600443
-0.52946696350700828,-2.1782113197314303,0.53097566196409052,-126.40242335032522
0.050227699165680442,-1.5822231667464777,0.45358552350921844,-72.595764554687236
0.14425352228204003,0.76730736260248678,0.48721819463042715,94.651769666195861
-1.3793192280145272,-0.79829724453845374,-0.1769472274940494,-112.96025427294211
0.166655817359844,0.67238933761138242,-0.86072916339533845,-14.088822531924102
-0.52357598840658293,-0.52653168709604303,1.1185499442553259,32.289712930635616
1.6010743061643926,-0.44494639089525284,1.5245171811159031,137.4903965876494
0.6725737012027313,-0.24125765461854246,0.40981865692851255,36.408573609874068
0.2513166482381024,0.86143652563280493,1.1058330662947127,151.82326454503371
0.81788965802502867,-1.5537587660160643,-1.0718572330401555,-162.34389572401946
0.16129954266269511,1.25228366195664,-1.0990447515548727,7.4355331785576055
0.51799477639145186,1.0071572005966691,0.11179915820338826,94.549769006762943
-0.51642964388757173,0.45474091214113438,-0.033612564703713009,12.047587821894563
-0.91942423423380315,0.47359243063518158,-1.0623037137261049,-78.218846717405825
-0.55055193170848771,0.46436986354657417,-1.17223375343664,-75.340220570852011
0.069344337036250425,0.20726732939894396,-1.0039573720814985,-60.167192303024834
2.2524358053443088,-0.68815034517772378,1.0098170893426341,102.48110495335746
0.073336744778136675,0.13965368956535082,-0.60038569287110577,-33.872000531694503
-2.5539211349019548,-1.4848979684499035,0.94955413544132372,-112.09190008878743
-0.12951724686344077,0.58354430301188764,1.0417246640588513,115.51533120197993
-1.8362053731032966,-1.331232953557778,-0.78598946050794949,-210.8827353518858
-0.18785940100871951,-0.25893879657839058,-0.42680419493525762,-56.471079771791707
0.26739231407190295,-0.29027454418865134,0.91907648298776856,58.845000254107788
0.43450264609130573,-0.38567263097784821,-1.3346106069102326,-114.42241084628377
0.030031479164082171,-0.86170307025625814,0.55405777111590715,-16.004714969122112
-0.91064508718248982,0.36036871590486108,0.20832250862559215,11.304019829849798
-0.76604520240039986,-0.89802722632445842,0.78414641635349847,-26.631964985398952
0.11112937529651211,1.3920387515870913,0.61903294658853247,146.62879066914604
-0.85835778018121356,0.1848361236948739,0.49331790088088923,22.67872576578425
-1.2899608997410539,0.073317967188403887,0.82317058396191456,26.262283984870265
-1.1251861017311617,-1.487861703490623,-0.48567874457504701,-175.77312545638495
3.112910201043841,0.71141057946549513,-0.048965030858450255,145.6940394084159
-0.77937532526011699,1.2434691283459636,0.34292637732134257,86.576276381111654
-0.1453494223138852,1.8418156093866072,1.4152045267018234,230.0914152709901
0.28580328679473294,-1.1945229397660351,1.0538915522958832,7.5233973427741887
1.555198534147342,-0.59139472983804742,0.56378787500691463,52.569692405797397
0.13192796677195706,-0.41182336896365729,-1.3367254388759306,-126.15058446585553
1.3632289751322504,-1.4974466686057486,-0.19024084441321568,-73.542328464289824
-1.2843870360725143,-0.68017347634795089,0.36456147735545702,-60.417646022387771
-0.22320225463480511,0.24395319790850026,0.17334166437040821,22.815220564942098
-0.0098448086503830044,-1.0642200068173489,-0.12402138738999703,-83.005109665714585
-0.29779615622396016,0.10264552853966442,-0.12740687238995974,-12.280638709342419
0.63596775071173794,0.22749587573205374,1.6095206657759729,159.08944865936044
-0.50205422435261116,0.4400144500533324,-2.1988059566200819,-153.84258759535254
0.78400277931074802,-0.0059547092127293835,-0.98453405048196807,-50.283090427264533
-0.74917172660324183,1.2920603343265227,-0.11000549870105147,56.306966054253834
-1.385987942398998,1.9725421767898081,-0.075665604325830263,85.187982757756487
-1.4745026870482356,-0.041291361784661439,-1.1256549678005849,-136.39847007386967
-2.6307301368290634,-1.5189108250900678,0.31165285600477832,-165.62361381057806
0.85243333479622396,-0.66178646476838798,0.18645431476942764,-3.7738209065102168
0.34182521395496651,1.1839874431968893,-0.057041166852941763,88.135212184396735
1.2615192525355159,0.35625278870608357,0.77179617723566118,124.17011233510524
0.041325632270618466,1.4949382274532359,-1.7312013034449254,-28.01664406704532
-1.4427147860027125,-0.88196076426717407,-0.44575745979684889,-141.28987853085127
-0.19382613877280352,0.82947484193174847,-0.93990310110886466,-20.964445565529559
0.87245732828014466,-1.2803043986708944,-0.56407863073672837,-102.99355400752215
0.216624975404619,-0.93792557653639885,0.33855287628591424,-31.681834597569782
0.80712259663731034,-0.49163618563204736,0.20965941527462578,8.2415656407927571
-0.62814373916917832,1.4120268785432495,0.57934675975677574,121.10857006667973
0.038555168784317709,1.0852222636616315,-0.11381253841375806,67.215085792415152
-0.51016081365021726,-0.33077489602305271,0.92567220950272167,31.461769251451727
1.1126883749899252,-1.5223591862178911,-1.3526702858435344,-172.11090577356683
0.62134673996910228,-0.42135680777044188,-0.36723700079928584,-36.974090971716777
1.5328733556363119,0.0019768447558107757,-0.41643843324802554,17.818810147506316
0.37405656984757213,-1.9937356425714554,0.83352896160892465,-61.439806390204396
-1.4785862457798415,0.77086519388696684,0.23561455810856594,23.295665622419776
1.220282896417717,-0.10726476581094174,-0.019873635368311569,30.495242308028384
-1.2504077339697175,-0.00070859457664591721,-0.31305803052315434,-64.319834985121958
-0.91812698341657484,-0.69569487719706402,-1.2935076252040958,-176.27753659660277
1.5723982102703271,1.5391423458106503,1.3992279500711593,263.49933990226771
-0.29396694766418224,0.84910211074314401,0.69553775756577751,102.04067224239327
0.58726241346417674,-1.4000707231830092,0.98268314276994118,-2.3241254835053553
-0.090533282304160773,-0.53532818595392273,0.8474216771504216,24.959554433758761
-0.92456411437809993,0.66492716230174098,1.5301951988633513,132.75024538225117
-0.029688790285978432,-0.86688458488346665,-2.0140632742377633,-214.39897109682204
-0.16841971202888115,-0.24672442411444054,-0.48365863743756848,-59.344795803144493
-1.1171864617070024,-1.9670697035871523,0.14035986984804696,-160.67732355019035
0.95881630646767246,-1.4409816345249187,-0.22159969438503932,-85.107313459790745
1.3313390619884031,2.1247714030169615,-1.066234931899225,107.73733017792317
-0.13418021067692457,-1.4042395662615887,-0.03989438375171192,-103.98743259760028
-0.71468067699043181,-1.3480471119401671,-0.37058276240078286,-144.11329817652788
-0.48298392607284074,-0.84972092147769629,0.80911279073137876,-12.26442799501978
0.87231538002845033,1.0294574815983573,0.33868731792168999,124.84787947856729
-0.35895838517941375,0.31444459087485255,-0.72430253420766677,-45.264464826806282
-0.98852900786590048,-0.0487656518431153,0.62687706352902184,12.604184841818524
0.39036619439537568,-0.32601249581684916,-0.16838492247285253,-22.685962186803678
-0.055769077657706008,-0.70501185575840886,0.41901900936604519,-18.30636697657166
0.83475132632488214,-1.0921636327180897,-0.58927165178930618,-93.190793830925188
1.2809395766667275,-1.4972576451786446,0.29497145570882155,-39.133385218895683
0.9360561679360162,0.12428569485085071,0.36901643782516713,66.947180313037421
1.5505004928140769,0.23421473253652075,-0.034684887386781181,63.517354438770468
1.1433615302058282,-0.77042479913787887,1.6170449245216825,107.38808397245455
2.2105230015913513,0.96387911679490967,-0.14700200162848862,126.44668833860285
0.88729083726674207,0.86915606438927318,-1.2376624223272978,-6.0722695893923913
0.47536561069201022,-0.85238676607410357,1.3739143852114495,61.619130940554058
-1.8311448783383502,0.47154238041820573,-1.7710685530880912,-161.91509627030604
-0.077837197012802034,0.88310977714715899,-1.5631908086966571,-61.126395133926884
1.2446795807367868,2.9490944253087252,-0.82541052997895514,180.04206321265508
-0.83206130484985663,1.991553302204734,-0.40307598906503078,79.375370809654058
0.5384349572164524,0.73100062678548139,1.2543383607573395,163.45841663869817
-1.7422216926352752,0.22327083592026087,-0.67248559600633617,-92.233911688502033
0.033902723682337509,-1.1791082143628482,-0.57031406778646609,-123.57733444595578
-1.0553241585924595,-1.7447603876053015,-1.015995431168029,-231.68877435311799
-1.0916251721591026,0.20953423026279433,0.21066846520311081,-4.736306563083831
0.68150069737262442,-0.039555153856655041,1.0531528533329035,99.700612224622375
2.049812095785926,-0.71910945144918592,-0.82393548697199959,-46.221018441848571
-0.70666910407314043,0.59211390028491839,1.4201849387819487,126.37404156700697
-1.7157083186381294,0.085513329639599026,0.72303793957986384,5.7111132129324673
-0.59982202331984935,-0.013304635378635309,0.97205696573972189,53.950910104036083
0.77192015483667509,-0.17280173739646437,1.0587285298838789,93.878107815812442
2.4851899166788916,-0.85053527874704393,0.60309468494883356,67.764300267983089
-1.079532852166039,0.52068949642266871,0.46643128741231693,36.591901575421296
0.18125394834505026,0.94293861989723371,0.0075601803941332648,71.301130109679008
-1.5271678565896476,1.2066081548639151,-0.2084682105404079,17.794222729116257
0.44485353755748802,-1.4439255470737569,0.28802836830548917,-62.984487875268513
0.37730049304485219,-0.44429326007611158,-0.97876371578230736,-93.12838058044396
1.0736317498597721,0.19408999289830758,-0.44643361455052827,13.920375166844433
1.5905820726178503,-0.28438464960650933,1.6284685547723217,156.13614198379503
0.20768768716311115,0.42961821913258585,-1.6609609335159914,-90.57477127781894
0.16001822585278769,-0.54828729649060093,-0.15589817793666752,-44.460552023430168
0.66359786856076275,1.7443111147431112,0.63818699884857344,190.16171485408336
-0.24869112618354708,0.28257995048829965,-0.1671217137864115,-1.3490084674169189
0.088406886291847356,0.95530520857051071,0.69638744745671532,121.75574242319463
-0.7780947858327143,1.5303345643544111,0.21036711354088691,96.23084922802218
-0.04347694981386243,-0.22939074406802776,1.1695899924277735,72.128409000185826
0.35973897512678843,1.3451476204524146,0.17962227263192343,117.87343261503395
-0.080917337662688202,-0.30356432526591504,0.02620475277403566,-21.495790944420978
-0.047711356141979855,-0.96697614312921298,0.42545756178496474,-35.577308024583736
0.091168146666439173,2.7922088679099613,1.7649138055507714,329.81699954606944
0.10420110395187607,0.2811914239693758,0.75892858978676514,80.663492649622384
-1.1896666590903613,-0.63536238882562934,0.61971144596613625,-34.792937782069814
-1.0757366484416113,-0.52899841420312699,-0.44027463685080354,-104.74136065273612
0.27737693795819168,0.059932630266328252,-1.2392583948534726,-81.556327302432663
-0.51611664187143469,-0.50026101658667554,-1.059211708372902,-131.96293863450546
-1.6826586941226858,1.8071966436378852,1.4509275482792119,180.81103764195856
-0.97337883802703462,1.1464408704007276,1.2592332397867989,143.61028907934241
0.24960945820971181,-0.91575504113356054,-0.38602279787069799,-84.422661263591323
-0.32206151620567558,-0.78325329233623708,1.5499344050175394,54.074750215591841
0.04643654815614881,0.19109906801990334,1.2784518626072987,112.27301410719633
1.4205042872710631,-1.0986204251778122,-0.38736196455281124,-59.30758792476702
0.56898307918527535,-0.55358824170799459,1.6777008140764407,108.39620084845657
1.5023570520960281,0.71754225579596231,-0.26940683444455776,77.291258686651432
-1.7776809623702012,0.7851850823103762,0.39876376442481426,27.084234088379525
-1.0042905634942532,-1.5065252580391153,-0.61912294824993164,-183.34469022971695
-0.41896344552123466,0.12224300454706621,-0.97825493806047736,-79.817293259953686
2.710331644334893,-1.671761273328167,0.1177074184609581,-18.532555401449017
-1.2088588646207219,1.401500346552158,0.60371324054419617,103.49873757162376
-1.153706323630364,-0.81590953514855302,1.1877133841384551,-2.6790003912412601
1.3393265894799997,-2.1098382406256415,-0.89056881059101434,-169.92477240504212
0.83049813398595196,-0.032503893057689401,0.61346016567183703,71.419244033780203
-0.5240883979345925,-0.409282438113104,-0.69471313108905819,-98.126822969825881
-0.74879979602005375,-0.061097508005868134,1.9529173824895107,120.75525023923664
-0.024129110454973405,0.19495509241218734,0.15763455844094396,24.671154164113592
1.6786746733725662,-0.6981996746110497,0.63366102477405872,54.543408370006162
0.51879301745172124,-0.99830677529105494,0.30638948207341404,-28.537641553372453
0.63087560359615558,-1.5138305012448536,-0.057963999668302527,-88.209856515629582
0.48730523704499484,0.94278851414007558,1.0800560591393102,163.06979060732601
0.12637957954641182,-1.3459796802467485,0.87129729745724416,-21.986492854442304
0.8931883472072516,0.66284109302163252,-0.67290533200940161,23.050624081151479
0.94438522283538973,-1.0040796329550274,-2.9431415654717332,-263.34063338199985
-0.38856822049120293,-0.53214389017310204,1.0578010075419184,31.622866114095316
-1.466785190615677,-0.75243523735303497,-1.0022170189267248,-175.6487847049915
-0.11961962436877134,-0.23644883673585937,1.3621324036850793,83.887980611540556
0.51308542009729297,0.95312504537608667,0.86239347238275876,147.99173931767649
-0.68701409969949734,-0.82611199171454208,-0.47579544400490115,-115.34625481195826
0.31424733259527388,-1.0128311203344238,-0.56228752924097269,-102.47487355048915
0.87438918071272753,-0.47622087354465903,-0.81925785972149778,-67.097829628274397
1.4246277320772434,-1.2232202300619299,0.491412756355527,-0.6407022867319796
1.0500490415534267,0.39899215750169559,0.96779446900342603,135.25100272194015
1.7073298095592229,0.45275635207669451,0.18497057507315626,100.38893853398125
0.46027162498230384,0.1812511626020504,-0.73805708366139156,-29.03236873960838
0.29875290836568624,3.1931075678448608,-0.18047991359062565,215.54285336051996
-1.2931222504049704,-0.70670676837300572,-0.62922067284736238,-138.41345619986203
-1.8765527060418741,-0.49190244750620515,1.2000789564268612,-2.7780850963066115
0.78907520139990994,0.95317625432935382,0.9459295852703784,163.28369686454639
0.43356246019187927,-0.15285499181422549,0.28203621046222055,25.017030748502137
1.135620585491476,-0.86428526194053579,0.78149723946063199,36.875657260956309
-0.66684871695156367,0.17618982250269238,0.15712791899094083,2.5935242788091042
-0.53930501446327039,-1.5449373466767586,0.42532130833011039,-91.219876072416653
2.2106897260157643,-0.088373287526396019,-1.9062366200893806,-80.281983792769282
-1.934964117240471,-0.38762983266324635,0.63322531011509353,-40.776654420338339
-0.81100086362884483,-0.035007610006235902,-0.98995779255201388,-104.18508781911679
-0.055920448522213118,-0.38824305352153887,-0.11081256027908749,-36.977695646461058
1.3801389388685148,-1.1211340127579221,0.32717055287779023,-7.5955552433326403
1.7311696317672995,-0.91797610461073598,0.21380879394106339,9.0564981901729524
-0.064688605032518484,0.82015818675548446,-1.1430193120737286,-32.947271871801142
1.2371808002890092,-0.48393344495123303,0.77622850472410609,65.919428098391109
-0.23823367505561752,0.29523257504060313,-0.64936481961388093,-36.966569098104657
-2.83303029014274,-0.55954628528946893,0.78640621199581651,-69.897727163808071
-2.1045827987653323,-0.3089600145979074,-0.65188858253138082,-138.97523194154496
1.0114630354083562,0.0036956718478473255,1.9625871905307948,182.77517106448806
-1.7787202489042786,-1.244654703311417,-0.77378919910357302,-202.13893602571602
-0.72021202100678994,-0.53879030457671084,-0.7075522852941063,-114.3483509278318
1.8674620041613508,2.2919112668186861,-1.0971436496288141,134.18282323979369
-0.63684521427038954,-0.078788400080299914,-0.76635260926501603,-84.499933930040982
-1.7523770951409967,0.08198881382471937,0.64412376785010872,-1.7412271225282741
-0.84049298550669138,-0.36515261319821335,1.7531948020655854,81.625302078228657
1.4521176991825604,-1.2291835978004162,0.85246864343295059,27.407823400590758
-0.10015407647995278,1.2269332238843076,0.76608027838469028,139.67826160618398
0.21101746720261841,1.6964563682900382,-2.081929407883722,-35.457336949667649
0.035263551971728611,1.9647251329163893,-1.1978778925888485,44.834529424061728
-1.5614932224418594,0.87645564550293553,-2.1523835446091804,-154.47139397679447
1.7303218148571686,-0.095341091196682617,1.2744402278489033,146.61830526510579
1.4437646040732595,-1.2515394241904441,0.35205539651429679,-12.613024385010632
-1.1875531667750401,-1.2952586206671208,0.97141235767235967,-53.267513432523408
-1.3944950688592617,0.75656467491314006,-0.46116973203461892,-28.182274349469864
-0.36162810937254564,-1.0976109822757267,-0.41778301251361882,-119.0910056269732
0.73447674500121785,-1.3537546747097586,-1.0379913549892299,-148.69051704750112
-0.54790530420693506,1.0921067839824261,-0.81860502666007862,-5.0632682979749717
-1.1301787294846835,-0.18414581568320207,2.9181735550600925,173.68830040435751
-0.27505169715164401,-0.57581824064468001,-0.53050114761052747,-89.005203187653933
-0.78476190812770341,-1.0896330373423884,-0.65208888859306069,-150.093852731639
-0.8895144296255233,-0.75373616435748958,-0.2453881160028705,-99.309278840704479
0.93757013762655839,0.65924566843240506,-0.81708863106819063,13.225676267521436
0.85112409838023795,0.12590138839495901,1.3680793504886011,140.6082396848231
-0.39156997735603927,-0.80765055774676486,-3.6883652914284442,-349.86085969955309
-0.44360683020738595,0.68820530645288269,-0.99693162640212685,-43.101726924741968
-0.76914234978729823,-0.76272477856621423,-1.6075598643689741,-200.06167803755375
3.1176811292080475,-0.20412976887271617,-2.2746210312061996,-87.097856674831263
-0.84144951412900848,-0.43578972962363594,0.68723845039528841,-4.6651258667296922
-1.4587583925306935,0.77759606179227214,-0.52891637910465517,-33.983211979777586
-1.1036698285303692,0.52214254593393583,0.97842211202803508,75.009945884292307
-1.479444223139724,2.303638752104789,0.60412088958851795,156.86066011608423
0.73264007721557922,0.051945885807299433,0.72762954363697985,82.788592016688767
-1.6651252963040444,-0.75429813260714274,1.8690665036782608,37.080718563295378
1.8205439079418155,-1.1769621127699681,-0.22153659758373817,-39.120557669290761
0.39931760171913089,-0.17529452990401284,-1.0785127413645972,-81.528107523744424
1.2638559390963884,-0.54342042977651694,-0.11359216170196468,-5.2616152525321809
-0.71551298548522868,-1.0588001482478198,-0.82461200976502191,-158.91155975985748
0.31313214001315531,1.3764964500195378,-1.0773760769847582,22.537240036137675
-0.50909380531156945,-0.12887737868875357,0.25473113738020947,-5.8487611937451494
-0.8866809222834573,-0.83858579844723102,-0.3078084711388841,-109.8219459005166
-0.71435141802636781,0.29307247329868125,0.23225369716100355,14.838252023252252
0.026091050210833786,-0.62481857769567883,-1.2795769667357015,-139.8568438735511
-0.13449678440173271,-0.039307287627631186,-0.2440804736742013,-25.684793737749992
-0.53959122073713162,1.1622595975056669,0.1675701058009903,75.339004393461991
-1.5901418306802979,-0.0038041336707993834,-1.941858659379406,-199.88032673297676
0.55602209684229076,-0.041292687007282836,-0.63540988022873701,-33.413597895349213
1.2794649316577511,-0.8638829605897661,0.41960997202411815,13.911972262270922
0.6445184916452914,-0.37326824594131408,-1.0274035515260109,-83.330081789376919
0.60258026797834086,-0.12313643535226761,0.85813907093401598,76.510812909313927
0.75539122582575602,-0.57677133056833274,-0.90756366204159789,-84.600279808737099
0.73967546811783369,0.43163162963759732,-0.067871381699481897,48.390487586859379
0.02131164867194222,1.0760071385985983,-0.79602585680348903,13.928467770683035
0.33897589366826147,-1.0141642181269683,-0.15974849799158664,-71.029149594787171
0.95530055823775284,-0.88924082822832429,-0.45553952602387071,-65.126313209932903
-1.5947030672667954,-0.46603650186824225,-0.14760258629866868,-94.813298210955594
-0.65135689379182904,0.3996879517526416,-1.2968319479558466,-92.559078866076206
0.78905668737551893,0.70450653982472311,1.4558223221467665,185.11205692184279
-1.1196174332890112,-0.48884942178627411,1.543243528272189,48.072068117131344
2.3176367886738785,-0.95605855168339449,0.12554858665114829,18.628665633829755
0.31965182591897723,-1.7785875840065168,1.1925075124779749,-20.981479899161968
0.085893006293330409,0.32787952415935739,-0.12545426000290022,15.750250441057249
-0.2489641484790735,1.7553408424432044,2.0607479248819871,270.09301007262087
-1.7941918665494363,0.96030516808666799,1.299987372262134,107.4195312495429
0.38343503140364416,0.49470565377503245,-1.745707432859652,-86.894993871638377
-0.48176597109347519,1.8566474365619547,0.55833642321170551,154.8186242360234
-2.1533901136037148,-0.99139234945630716,-0.84696134831832781,-202.3974360202397
0.57929149960108839,-0.015309849172995557,0.18335991977915564,31.649024964619159
1.3690945827628513,-0.30724622566173149,-0.22327158843330958,6.0085775366027221
-1.4075116947178212,-0.37144086599579146,-0.34268759408034877,-97.159774540452844
0.19868000954740689,-0.98499312581701515,-1.4055630538562867,-168.68555516234881
-1.5028706086823893,-1.2395622860802396,0.62653836333694246,-85.950277661850464
-0.58945239993871845,1.6733639461525236,0.51935874563788809,135.7562790521911
-0.068286207764290632,-0.12839826591760886,0.33875816228036609,14.830681116650815
-1.1065259087416703,-0.26888869055483056,1.1265650295477574,31.808728339402553
1.0473177066214483,-1.326472128311083,0.39069592092814415,-27.615441536989259
-0.75970311748028707,-0.78200349251103696,-0.49757083838520716,-116.32100603408273
1.3325514676651278,-0.93924154068200683,-0.21652319753617361,-38.136026372327038
0.18641616974404632,1.1168337755299542,-0.23950192202174977,64.565032297353525
0.067518481410108952,1.1792971840638264,0.11567463429285867,92.146640649184647
-0.79287283226234417,-0.53025761837244079,0.50404651551784441,-23.585360765940631
0.03279699541158651,-0.048652351570451148,0.34378788154988543,23.96427036401224
-1.5198927996189848,-0.50442268329716944,-0.54429614631429191,-125.33200857253426
-1.1115802495135512,1.4665408592786029,0.68706579585891625,117.47878279785863
1.85204004481367,0.70433620985407885,0.96532666716112658,181.95916869455792
1.2685832356474693,-0.25804551561116151,1.0653762722596027,104.55411920214897
-0.11955875662639608,0.53036918899879926,0.20173865479604391,48.034430297380453
-0.30317978283427544,-0.019419605887732609,-0.34931679611819749,-37.798066202021253
1.6372116447028533,0.012521864329786338,0.1652400500649252,66.331307327077027
0.9531366339132451,0.23321613126350166,0.70821442325655715,100.8950432249737
0.3270723748778453,-0.59246545538051432,-0.35420638850878827,-57.250636515027146
-0.046261217266342539,-0.27484530066979224,-1.8070413949318163,-158.39374487518992
-0.80989009908940812,0.38571084053145244,0.59945068632170395,46.167830554502849
1.3686315575323487,0.64537594958514755,0.97157095095435542,162.77450363575923
0.714609790636618,0.22421640429079301,-0.58653126956393553,-6.295029276408922
-0.49312282239977201,-0.68972777406417385,-0.01383774609423725,-64.427582853825186
1.2776768218985091,-1.5341141707356223,-1.1246420918378692,-150.18060300524442
0.49888319476821275,0.23209463792853721,1.1166812750675223,117.34575914485615
-1.1804604852320821,-0.10381248440296688,-1.4000712344017388,-152.16301677437912
-0.21398884422550896,0.98432239847658376,-0.99835404073879097,-15.425562760886393
-0.5347566708443231,-0.40688524450437469,-0.23591652931212392,-63.271114409834738
1.1009596349985711,-0.28600422188011082,-2.5302875227463297,-177.35689110463392
0.63081168455477754,1.513449743242131,-0.12174750838328353,115.1894114791443
-0.07022036151761657,1.0918053390746456,0.037541841486821451,75.714462549274302
0.02845758118315888,-2.0650830462563206,0.75109945450731008,-83.799410395615681
0.79317568821867734,0.14506374595938162,-2.0184878643886379,-118.55316036781718
-0.77461497001858193,1.9234457948249533,-0.54820029816677263,65.461978684568763
-0.26987493529337125,-0.51001639885474703,1.0375399442578992,35.429594028093192
-0.4551717839537639,-0.064337647379166515,0.57890981806913422,25.087468911133676
0.54220300690904855,-0.21208966992042563,0.56478910590764808,46.040767412320832
0.46425123812300356,1.9723444790822,0.47048299612910649,186.60843483631112
-0.93310607718710925,0.27755251349353172,-0.25705240881306468,-30.656189854153443
1.1210306673244714,-0.82241993238220057,0.152354872033722,-8.758377789331746
-0.84635665499087354,0.48473281729447476,0.85277367512221947,71.147742960085338
0.4004813865063287,0.17775010626803134,-0.5258796758952039,-15.00080736858367
-1.017764309076953,-0.39187676538686639,0.60379052027789415,-13.708031562928831
-0.025026958745143917,0.47469823287995278,1.0858955658315781,114.77302451704176
0.065788648648962514,1.6414286277223145,1.8076308056706858,253.08787726496789
-0.99434937460851225,-0.22859991534001858,-0.51321356647158523,-87.016974184139073
1.9140313538667861,-0.62376896069580512,-1.0534155631736561,-61.568775234754796
1.7106133725819253,0.95030759197357573,-1.0678029215791931,39.059884503072752
-1.1709248938074537,-0.32653585253457112,0.53976451282834204,-19.046157157801019
-0.093386858899948286,-0.33286040438251124,0.31745326125017514,-1.673182957677934
0.56296923669057086,-1.3985675738191412,1.9094166404701305,67.763397430169704
-0.5387608373460957,-1.7468956913455549,0.47558843592858241,-101.25816236698469
-2.0381245351778539,-0.40807537302155139,1.2012139221639448,-2.140019595389866
1.3289333195354096,0.6220699903060487,-1.3122191934314063,-14.50793006567806
0.091752484448372862,-0.064188177108497751,-0.19469729611668168,-16.32184772256084
-1.5811907020321334,0.50872502322993385,0.26712665101148342,4.354984127073962
-1.0361435719751968,0.087016480392386547,1.8987349813552388,117.53184123012419
-1.1755946056248516,0.55325121998478366,0.17183933979353122,13.235102132100685
0.85320154505155443,-0.51866671962121014,-0.33143137128150285,-33.450016030510469
0.19063559126502433,1.0715431522348857,1.6999573745763805,209.68862060475453
-0.26853064790583231,0.89683931586553189,1.6122206282554243,176.14686596045047
0.83715448633138445,-0.21415031071118876,-0.54799581874113779,-29.555348373678584
-1.9626256916725791,-1.0085546840762081,-0.53884185619273828,-173.89103731562858
-1.0260808441956244,0.66354561849843496,0.95799394148001904,85.682975936109329
2.1531824575115563,0.95927082608520686,1.4511436077950417,246.31810871227921
0.048084946661381994,-1.6275424378831627,-1.804882100664519,-248.24662495783866
0.92463368291276882,1.3993554365860021,0.57258278135615859,169.84618248585443
0.39946937260218507,1.137381097628914,0.03263883669087142,93.637858380386476
-0.57118397408418653,1.0899049590908303,-1.1471595110117114,-31.055688569427019
-1.9988889068612499,-2.2012434734509183,-0.27480230475268802,-236.95384660467445
-0.23389780045359396,0.54303227928965236,-0.49987243041085178,-8.3626611210780268
-1.6270049208667487,-0.73869749832956277,-0.41247901188793668,-134.84149898687718
0.032396213683578728,-0.41342377063644137,-1.1630426502846019,-116.21074677676894
-0.82849702478024601,-1.6009039784765156,1.4898634386020821,-23.113993657401622
0.30805053950410233,0.097983153470895437,1.0857863249393471,99.59951153352894
-0.76999606619745731,-0.35192131781650909,-0.48720292119492714,-86.272583681472042
1.5541604207147741,0.34233783448962146,-0.33513778117145177,48.130656986347745
0.18186625505849516,2.2706928578043959,0.63278186610628484,210.41218962733808
0.43004164719106963,0.38193545223155334,2.0767479835608409,198.74602075179575
-1.1510140836195071,0.241321934916781,-0.29660745906979835,-43.203732013430887
0.58785588813773504,-1.1863364271098544,0.86877250059077105,3.7010306055052808
0.8336032048373484,0.49288397185186977,-1.5444338482482443,-57.11834810122113
0.01999548620641927,-1.349605255711928,-0.70511052016596054,-146.0496915644672
0.86424838469863652,-0.63024929500443627,0.83315776662943464,48.161632495108826
1.855503314794263,-0.059415181272494094,0.94959457136448822,128.32473967444969
0.43100969213007667,-2.2557913310947475,-0.98694273650155684,-216.64731868200417
1.3534536476212031,1.6079150611191575,0.77693169235482873,213.64241659352376
-0.082680685842699247,-1.86653661707306,-0.71682232060280493,-185.82262939949186
-0.55098180353824955,-0.053106801696910649,0.76386035163342259,36.890659836796971
0.45122531931850818,0.90039858839506359,0.83019181186261015,139.9082880194035
-1.6312758154609455,-1.0385438208439723,-0.37482205662180612,-152.73271224809852
-0.9925780067288229,0.33835744193595962,0.09893378702888371,-1.2085059767211028
-0.73606365346851421,-2.1200872151201744,-0.43145564455988483,-202.56714471480382
-0.69514935807687239,-1.7554378973107099,-0.92539225764295607,-213.87765773269405
-0.55528610260103628,-0.1605596095017974,0.1918895450216474,-14.318386929959916
0.18430906407810346,0.82055350288789697,-1.1031843812330935,-21.840146550607585
0.51149957536186141,-0.535316712567659,0.49619918736331631,17.574366973933557
-2.7126125638104379,0.95753716327976746,-0.67379010565947639,-73.142802298859806
0.924027019206901,-1.251113576385303,0.32613302224211799,-31.341124708720145
1.7586204841951334,0.28063640449013638,0.99685877346580798,152.20147251334569
2.1573082132655035,-0.48791140814570266,0.67792587133926907,87.842094628566116
-1.4704895512312506,0.78335871052403128,-0.40980124379353305,-24.869437870390549
-0.96453779491019132,-0.27981034237700608,-1.0240285908863795,-128.58527428359974
0.29562448874709507,-0.15904521040005129,2.2187802334481339,168.03427072378156
0.19438430157733602,0.32579631658216646,0.57963317321357566,72.951912113268804
0.034441011705841351,-0.50980669319088256,0.44921872128503426,0.34169515479555912
-0.87443564833991816,1.3204140097838342,-0.24775241823970925,43.695158220352297
-0.037222236509841591,-0.07160125941406395,-0.19634984908497827,-21.121541135471027
1.7654542402810969,-0.65332923257371189,-0.47494531116095617,-24.22492467338887
-0.63554109881555665,-0.38654161589775976,-0.6534628957248072,-97.010145878355814
0.27899416222380197,-0.67349062424386852,1.2477420726737338,57.952824128218246
0.66364634703284142,-0.75967301775255336,1.9435288811221971,117.57324467931315
0.015618333949603047,-1.405567019178642,-0.37050809859002898,-124.48976347985213
-1.6744694604532453,-0.59689478473197133,1.1969109487613523,-3.7197691697822179
0.70945181713903949,0.1904996797790664,0.33198033056901455,61.359284355167325
0.47303828216021521,0.19942398598676711,0.7547332980678092,86.624256545315234
0.64047979520082376,-0.46649537922819795,0.99657051057944723,64.682784433156286
0.55314915637920914,-2.0820987031889873,0.24288201315027499,-106.84136149978978
-0.096000661733858239,0.13585590156629049,1.9358610256806046,154.07615473830083
1.6722659040975276,-1.4787771238462857,-1.5004765491630017,-162.33551361966403
0.60560623263131297,1.5091310134045506,0.18568858041873892,137.55542217677936
0.39792704994680894,-1.0325239035275395,0.94131058076748331,13.691147520339484
0.10254143981752241,-1.1241218588607733,-1.6047050097978122,-196.56799742721358
-1.0606050663966009,0.052258490497483212,-0.080878497865461307,-36.818708758193821
-1.6019658118971685,0.075433638901592798,0.74212749107189224,10.147158691476626
0.45624948852853281,0.33899351380941967,-0.45669761502324635,3.1757195786571231
-0.25495579355369785,0.5488838353173644,0.54726479737796696,71.322874746895579
1.1734422766324448,0.69586383909378535,-0.55308981691413228,43.519034522018117
-0.70743954481218785,0.90802266253619124,1.6389605275998331,164.78959088820247
-1.307369782230964,0.70342791678730876,-0.97412184621636833,-68.196128393631142
-1.9080021371233076,-0.79994050670193417,0.58257131880880519,-72.140698618809083
-0.019918396299731203,-0.91161730215390258,0.7820273875741276,-3.6427012739611158
-0.45269014850953337,-0.11184710408631295,-0.87419927001414988,-89.065042650699979
0.56550964563154416,2.6016831141803949,0.24075317948856828,215.63179354578517
-1.6115673591028279,-0.34642650600689961,0.22423474453529177,-58.734040082411767
-0.15171443357722914,1.2753907379990148,0.26477531097797963,103.06637081831325
0.47340741571246642,-1.0461210850625042,-0.0498801541281177,-60.498189162941905
0.085687161403359038,-1.0138959522925377,0.92427013953782977,3.5919020442449323
1.0481167592691547,-0.43626303218002882,-0.19805976321890642,-11.303946651205827
-1.0810633275998973,1.1593298033642481,-0.36096616581907992,17.297218064263532
1.7708006356355099,-0.034988490496961698,-0.70317642512588741,1.0600634858421838
0.23278674294016363,-1.2992163634458243,-0.1131280525157404,-90.508135450085703
-1.7690503037393988,-1.4656738573420951,0.020417167212918131,-156.3844079339633
0.15808922532318442,-0.0081132016117502898,-2.1715714047604475,-161.28294907702113
0.85639879432347232,-0.44651495206702108,-1.5148472246858646,-118.75228937093718
0.14237791251046628,1.3886645201024821,-1.8357687561770901,-40.051095638113665
-1.6380290574360168,1.7031726099180378,0.99558151400202977,140.3233832724174
1.558789184496894,-0.77737148484590657,1.1460301441420651,84.352578151898612
-0.90573230086261891,1.2619215007139917,-1.7730324682068814,-77.814586888185758
0.0030601167385728551,0.59353943229319084,-0.60033865900648709,-4.9104264544267977
-0.39338229774465705,0.45721306369251385,-1.5681443134200506,-100.99192725149243
-1.6624919880356743,1.3043402428781525,-1.7485319732381808,-97.454609045983574
-0.48417395124873702,-0.16063111952549436,-1.5428032182428997,-144.49437913305954
-0.6248346184344824,-0.88571379979968989,0.4539052294413472,-46.444609557419213
0.73918049470156788,-2.0503574572842003,-1.9493717553224232,-266.05974765368143
1.2788658133133932,0.22228985580085406,0.42544486418417227,89.065157070260682
0.39276836305112439,1.6833145759275296,0.82592358303065316,191.558646107752
-2.1943824698200243,-0.65167512215641565,-0.12854629325195685,-125.48825982075891
-0.45194937191187767,-0.19539035117702397,-0.72399033174260907,-83.318337292172444
-0.24341030256790794,-0.16007448660830478,1.6629314471898375,108.11624628391912
-0.70766946561878075,1.2669111491866227,-0.48423407286625136,27.339207160339001
-0.92737300569593362,0.23173094203039254,-0.43230118580954108,-47.006124823060951
-1.8665399513606162,-0.60042356573870515,1.4196030045136372,6.8426185417420911
1.4532754760425446,-0.34730228895784293,1.4350873992222355,132.60785070425587
0.37034026732884573,1.6301299648744103,-1.4582131138187504,12.75165028401436
-1.0677225770385452,0.83648413796494103,-0.19543484652276386,8.1571107558613605
-0.77265944527082397,-0.67699513845853132,-0.95231638073879699,-144.24066906681134
1.7547941819843647,-1.2804293524962831,0.60600995134563962,14.832660722781213
-0.67172078925807732,-0.27688935576880358,1.3094441014026479,59.259664576878748
0.62563093364600086,0.55229993767952323,-1.2325233147685091,-35.925787200197277
0.20507533923462989,-0.0799084526625497,0.62643467245394424,48.959106290315532
-0.041337204809170254,-0.33931118713815905,0.28305316225865373,-3.0636495585398222
1.0578141808207961,-1.1869933883057446,-0.069532286242269384,-52.825180428790297
-0.41491627812032728,0.082911853172039932,-1.6251212588825248,-131.7893419654263
0.38420207200589651,0.6719446078144975,0.66884013054621816,109.70608225043682
-0.22747625995340778,0.33614496302622882,1.0071333364731596,92.690888782140235
-0.10322175293249623,0.39046484992888958,-0.13737178839939665,13.041061747410062
0.24503866431540591,-0.28790607686792025,-1.7930763979123896,-148.82231117034391
0.13519034098738589,-1.3394697749577562,-1.481580771551368,-200.92747630808077
0.097155787086247766,2.6669052223200089,1.8060891178369614,324.53387691851088
-0.70943115732847584,0.87617393169307534,-0.76418678663784645,-20.977841735120307
-1.3724097375613069,-0.26316127205982659,1.8951486121089698,82.311145456182018
-1.4066610968482223,-0.61151780299194824,-0.75538293235332254,-145.16395883729615
0.051197901881085341,0.045222708999982562,-0.62731344595130289,-43.139664219851909
0.61516398427858032,0.21000830802258905,0.5198710181019115,74.005631429390036
1.1945922205137307,-2.1899217049785533,-0.75676397701592635,-169.8888579160851
-1.4074637743765552,-1.4480843414973241,0.23204993735763629,-127.34078619775778
-0.82216560668940686,-1.0179114904771591,-0.45130286434366462,-131.03430889253278
-0.14152963733784743,-0.73423332197103786,0.48777482108433817,-17.834819139486385
0.55769106072512453,1.2816437950037687,-0.31771509675623405,81.916382396082611
-1.5565818986597511,-0.49375658316131249,0.99626681944714002,-8.140270377294371
-0.6108576398050658,1.3555729357103481,-1.5708814571259122,-46.415639859221741
-0.7554988831339492,0.60794756700575392,-0.8464978028689073,-47.204051916933011
1.056101251669989,-0.57898421993990479,-2.0446290038012682,-161.87510596961829
-0.58886682673869606,-1.0973025276328441,0.2167755637626291,-77.948461568306243
0.21865930675729772,0.01569779595775838,-0.12488688535006739,-1.3981384413196416
-0.9780230235225682,-0.011997344627723866,-0.16681474069839325,-45.135905247661164
-0.87584240649511014,1.1282397832688376,-0.1309258051261265,39.349719344407092
-0.51684688317382854,-1.4127257589005562,-0.49156193901893003,-151.4150801008297
-0.057390703001542406,-0.10047572057170515,0.58431416643530987,35.854870492902513
1.9541574337502863,0.12354769595558233,-0.59235595565205357,26.348727804304595
-0.0091189966442035437,0.028181157369128247,-0.89846798179103726,-66.965438433620605
-0.47741070619280046,0.5265366836723071,-0.21713107494620248,4.2325509103793166
1.186145474042299,-2.7391402061374728,-0.64434026702198421,-199.36185314872688
-1.1569413972294713,-1.1272637925541471,0.31047275418075143,-91.193002935016807
1.9025582052295598,1.5268126635772652,0.72508104444750798,221.82911146920515
-0.32175270399020833,-1.3477092303094034,2.2143299425565965,65.98641620483663
0.17136828118997049,0.73846657999541043,0.19686123586912352,71.370289572621317
0.16648527257714707,0.43554631899236401,1.1625736681878402,124.11711249468804
-1.8337057676294346,0.14431001943507885,-0.31982627788875623,-73.689337204166989
-0.96420007142324471,-0.90067138251248013,-1.357517539841935,-196.75490009026959
0.90227139994345262,0.99435151981542347,1.542276627661302,215.30959016696744
-0.77345584403343015,0.29879778032176191,0.97372623085236776,69.945376561690779
1.3934545275244314,1.0016318252085601,-0.39305275706140097,83.878638479707888
-0.41528791390080128,0.33849640749441412,1.1437540432069291,97.222625129569181
0.15403184168358741,-2.0723551816959982,-0.79489364700169041,-198.30296986397508
0.18142662011397137,-0.4561208274741882,-1.2961166642498945,-124.49927490360926
1.4469778843537329,-0.43973105827417491,-0.18687164416135904,2.187634548798286
0.043811471979109597,-0.12982069973342616,-0.18528765887770829,-21.666315863460728
1.4148406628255548,0.4091409227759939,0.20479787728191723,89.46036906652634
-0.85052045420930011,-0.20902325728602528,-1.2242982362893657,-135.32782017391676
-0.11676591579524663,-0.54954027459553489,0.91539027556016173,28.325257103622782
-0.065750261072987801,1.5655240292343404,0.37721187506452086,134.38814066443965
0.96476989430244564,-0.42898071737241972,-1.3011092663913453,-97.72587316858538
-1.972089026643818,-0.28462550425367888,1.495458245242957,30.954291680798043
0.087973547129168952,0.61666397647111826,1.2608495199993097,141.54790330637428
0.13902868695312559,-0.44480683817049027,0.69091095739219277,26.646213628673078
-0.65002393440689821,-1.4965292550900791,-0.92951086019241003,-194.9229523822828
0.22899639245934025,-0.73315619710999658,0.44130715169924584,-9.3480167885946841
0.29120275513803251,-0.63165152451364392,0.82932377258286238,29.273641616254466
2.4187777793134635,-2.2185699659510996,0.84958453104661724,-9.675429043384554
1.1941094030473725,-0.6775646523356551,-1.7258067287905967,-139.85589253665532
-0.27372925216676069,-0.68363428228638767,0.6891644570743356,-3.2425259343959851
0.57239031117567574,-1.2931415437586478,0.36141731727310289,-42.88950305747889
1.3491790488887052,1.1640601525859375,1.9120054690526975,269.64577409338858
0.85341555878030773,0.59475434166528596,0.5639091200523596,111.52954002864722
0.17225438641103749,-1.1793691216326172,0.46248362406685406,-40.261364217800818
1.048399887813541,0.4608248654038653,-1.9632891478389742,-84.375142543074361
-0.92821996734801782,1.5391972001749075,-1.1179276080367397,-9.438498360122594
0.90796231362704893,-0.40746010729160159,1.0338810549242086,80.228192541133808
0.31978193414253697,-0.60136764395121367,-1.3340254949182044,-132.92055297246878
0.30740669780910074,-0.27681329988892067,-0.221253623585772,-26.016411692224878
0.32129147075738801,-0.81740813441433979,0.38077807136505171,-16.787190275341196
-1.5594357791262254,0.61226981010539261,-0.44664304681460643,-42.324751694663284
-0.3613105619672905,-2.6031370878272986,-0.3021805869826214,-213.83077503197131
-1.3223474346832955,-0.52655513313670199,-0.80599173105941546,-140.46154504838489
-1.5223343182817441,0.46079724361596747,-0.4138949422748569,-49.047383514335131
-0.13845598398377382,0.67318135126995837,1.2897527540827456,140.33387805186453
-0.46947438593495211,0.76743472915290878,1.5792128155073915,158.23670004969321
-0.56525873921040359,-2.3851136986930364,0.97784756465433142,-107.66782212845091
-0.73416186612101408,-0.6300484313483411,0.34631271022488658,-40.600590931887481
0.13906039865341766,0.86163612449794402,0.078143062969647445,69.735513562758698
-0.60398062596922952,1.472670675750982,0.87604679252979423,148.71774817704409
-0.23413695694918055,-0.23415337472333597,1.5230298564080254,92.635762213504009
0.38173416896250928,1.5154448083522476,0.1247520996639345,126.10958224960875
0.65443102710562118,0.75087277940133201,-0.84243263012632641,8.4539854665862393
-1.3801014582148914,1.6286155455712918,0.074094780419775186,73.152585263431718
-0.59662905861173021,1.1954806508254789,0.27660076551118068,84.109224834052469
-0.38445687897709163,-0.71146219408370481,0.42834205066072495,-28.648721507194558
0.39387321816474324,-1.426018117120452,-0.3278064598765229,-110.42531687815874
2.271449745422796,1.4891131083282896,0.50558924183587461,214.38270146453578
0.61279074158328972,-0.10496770756362395,-0.74516777031735049,-44.343226198326455
-0.41241381821648038,0.58616580039278332,1.3032780373160637,126.53642491822416
0.26426827164563654,-0.11464083550639245,-0.39987823866837147,-29.892121904947228
-0.044273319844648829,0.18699020972466429,-1.6273117279473155,-112.83129650405711
0.37726325934222638,1.9740786877450238,1.0274793433526916,226.4536663118966
-1.3495762115515322,1.0819848092499422,-0.77985294622163881,-28.679510573156961
-1.1875984190295128,2.1451491277733883,-0.83534705325975733,45.455666614135922
1.1692955904456728,1.0666746895891539,0.50727403110729774,149.86913513915721
0.68332451151609186,-0.016568409822520076,-0.045928828740160639,17.411553827098977
-1.3394893665286589,0.54806692470717044,-0.057270410822102269,-9.9078813645087038
0.99455823574162161,-0.65703523701732391,-1.1132948341146311,-98.111939407152292
-0.051542208607651553,-1.0660321716276806,0.82640331733052463,-11.898372446514919
-0.45006547147924364,0.046980593764742055,0.0052436997181831658,-10.896150482172885
0.29815846599052565,0.60324750057139376,-1.8579014513982872,-90.747832737400344
-0.72396473046778742,1.167509822986446,0.39112787693272622,86.819952224412759
2.5299277492519523,0.4762403533876659,0.092055137311991983,121.46393500040941
2.0923872756854602,-0.81822068323347252,0.59515702543691362,56.701109066415455
0.30566556864259592,-0.84910485099022348,0.48535990755319008,-11.486097713511192
-0.31526633391625575,-0.54978935963803333,-0.65295015583208083,-97.86324161188098
0.44426331148603976,0.7109599682034915,-0.37482080754959751,34.631860456101023
0.31412949645066596,-0.24897365528067522,-0.79598891000875405,-67.772687710388269
0.20475888240178416,-0.68888554257540557,-0.022300283718053052,-42.487231854842427
2.4457519796168263,-1.1254890472983765,0.27996862631982028,22.899869430116709
1.8055744326868153,-1.4762625440017794,-0.81486814890934411,-105.50387637443455
-0.54740752276687299,0.30196090017176469,-1.455054605090552,-108.00929453746662
2.1709427174978138,-0.84324659531619173,-0.24606248812994858,-6.7229570022159919
1.8972886947731116,1.6957228778108653,-1.1716543473175618,88.438988828610817
-1.4162688593406074,0.14782073903652695,2.0541938412560699,121.31541639546531
-0.55892184727158833,-1.5231869047837747,1.1950466289248425,-31.578058125958094
0.12307820165618115,0.64054293507477345,-0.032280611049470324,45.576422742774177
0.45728040461524111,0.081995556413560419,-0.73417379877849576,-35.661016752701457
-1.5642416117110514,1.9764405845154855,0.58441298047248424,130.10760751987735
-1.4785219903674274,-0.30110369558928879,-0.11564828238824053,-77.275558447635873
0.44947391283230687,-1.1818741254208012,-0.00031367261177471208,-66.825334875272006
-0.50429801581262323,1.3281660539573328,-1.8402663847955685,-65.432383215829006
-1.1681778278502002,-2.2175910793587708,0.033524702388587527,-187.71714349070288
0.84817421266666815,-1.3671378064602457,0.46320629209912306,-31.304692550060466
0.42243497290143983,0.055002936033374625,0.94680756651187048,89.722175039176975
1.2171585208254965,-0.32232046921133989,1.6153756894694418,140.47175159888155
1.306072203871629,-0.38787578186246957,-0.0076889957213694743,14.889513968210967
0.49120766541199629,-0.61216691715482074,-0.48356148384653708,-63.18550839193032
0.38115838488277776,0.75334162110453251,-1.7607627591558177,-70.32441879642036
-0.53797852882195507,-0.48915617518421617,-0.42369071691067595,-83.374265487290359
-0.62988455236381036,-2.7043916316027752,0.59256727384733066,-161.1410813455488
-0.48361713955543673,-1.3820175686924376,0.16540366029970424,-98.061711476361111
-0.54915894176377644,-1.9354299597138063,-1.0126444414430895,-228.21089695991819
-0.5567787728433663,-1.6254922701998327,2.0487082576988507,26.641004232292303
-1.0763811874020583,1.0829999385168685,1.2785751679393744,137.39760053154396
1.1096998419562232,0.63472146856176992,0.48918713014766352,116.8464330838431
0.70149478192471448,-1.3650217954266353,0.034008096228146802,-68.669083094235674
0.17852916972047786,-1.4239581121976068,-2.1068891146260809,-253.09163947076962
0.81320518674797726,-1.2565068942792563,1.4436320034688142,50.046122985391847
-0.4516410891769469,2.5054489053568938,1.0641707023410438,239.05472341777531
-1.4840566649243352,-0.43030931995464239,0.50860837323344199,-38.673135699237612
-0.809380821082754,-2.8390786594854269,-1.1511537365528692,-309.3578349724969
0.48074457976798396,0.099886954409212983,-0.87826325282346662,-44.675790146958448
-0.71013660683738211,0.67929381998234928,-0.29906908523005488,0.97222035880540147
0.54336019237993505,-1.6694052811213718,0.75138712337178903,-39.933642294005779
0.57050720835451596,2.1840967333804562,-0.83428181003462476,104.97074352320159
0.87901415455700738,0.88525632086596029,-0.33348628096969524,63.813994894971238
0.1829944496452604,0.078439246083670089,0.87398975100688248,78.04446770425325
1.3771809365045613,-0.86104967216557549,-1.3450144839306688,-117.49104307119265
-0.41790954576589057,-0.039019519377544117,0.77934900390533235,43.338370676645987
0.22745993460412942,-1.2308643164339552,0.81351721736966975,-15.215990680038445
0.53462908612243532,-0.86829273187636646,0.38961417737090387,-12.726368504618691
0.20165290512925463,0.40023585552677515,0.078117735236016353,40.010555052159788
0.077156496217716738,0.42831669237523751,-0.3409078773460798,5.9254140675020359
-0.92241018449850254,-0.39175814904382189,-0.36682441181468756,-84.740955550235611
0.47200227091927438,0.49968511030293383,0.23940450053537707,67.896146502274476
0.068562974806027327,-1.5506634310661327,-0.50347565411619921,-142.91686192448947
0.36163602504763415,1.0035328978920242,-0.072010121580333847,75.21667235228675
-1.2699985973938759,0.72190348543814142,-0.66542229812946052,-42.145360041967919
0.078577029719149802,-0.16563141031763223,-0.59381140806870514,-54.203930239757476
-1.1913034972026486,0.47383292091178753,1.8657745111447566,136.61844023094687
-2.2660520941492828,-0.83418484873262377,-0.73737990349795857,-186.85071436854952
-0.77302970960270301,-0.88371914069106283,1.8921917608330678,58.740817317410638
-0.45322804932727517,-0.17018462252492844,-0.0033744574109520514,-26.596972947625488
